[
    {
        "name": "",
        "age": 20,
        "email": "",
        "address": "",
        "test": {
            "innerTest": "inner"
        }
    },
    {
        "name": "",
        "age": 20,
        "email": "",
        "address": ""
    },
    {
        "name": "",
        "age": 20,
        "email": "",
        "address": ""
    },
    {
        "name": "",
        "age": 20,
        "email": "",
        "address": ""
    },
    {
        "name": "",
        "age": 20,
        "email": "",
        "address": ""
    },
    {
        "name": "",
        "age": 20,
        "email": "",
        "address": ""
    },
    {
        "name": "",
        "age": 20,
        "email": "",
        "address": ""
    },
    {
        "name": "",
        "age": 20,
        "email": "",
        "address": ""
    },
    {
        "name": "",
        "age": 20,
        "email": "",
        "address": ""
    },
    {
        "name": "",
        "age": 20,
        "email": "",
        "address": ""
    }
]